CódigoInstit;Código Curso;NomedaInstituição
0140;8031;Universidade dos Açores - Faculdade de Ciências Agrárias e do Ambiente
0140;8086;Universidade dos Açores - Faculdade de Ciências Agrárias e do Ambiente
0140;9022;Universidade dos Açores - Faculdade de Ciências Agrárias e do Ambiente
0140;L121;Universidade dos Açores - Faculdade de Ciências Agrárias e do Ambiente
0150;8082;Universidade dos Açores - Faculdade de Ciências Sociais e Humanas
0150;9181;Universidade dos Açores - Faculdade de Ciências Sociais e Humanas
0150;9219;Universidade dos Açores - Faculdade de Ciências Sociais e Humanas
0150;9238;Universidade dos Açores - Faculdade de Ciências Sociais e Humanas
0150;9240;Universidade dos Açores - Faculdade de Ciências Sociais e Humanas
0150;9798;Universidade dos Açores - Faculdade de Ciências Sociais e Humanas
0150;9853;Universidade dos Açores - Faculdade de Ciências Sociais e Humanas
0150;L041;Universidade dos Açores - Faculdade de Ciências Sociais e Humanas
0150;L086;Universidade dos Açores - Faculdade de Ciências Sociais e Humanas
0160;8083;Universidade dos Açores - Faculdade de Ciências e Tecnologia
0160;8524;Universidade dos Açores - Faculdade de Ciências e Tecnologia
0160;9011;Universidade dos Açores - Faculdade de Ciências e Tecnologia
0160;9041;Universidade dos Açores - Faculdade de Ciências e Tecnologia
0160;9384;Universidade dos Açores - Faculdade de Ciências e Tecnologia
0160;9864;Universidade dos Açores - Faculdade de Ciências e Tecnologia
0170;9081;Universidade dos Açores - Faculdade de Economia e Gestão
0170;9147;Universidade dos Açores - Faculdade de Economia e Gestão
0170;9254;Universidade dos Açores - Faculdade de Economia e Gestão
0200;9351;Universidade do Algarve
0201;8509;Universidade do Algarve - Faculdade de Ciências Humanas e Sociais
0201;9204;Universidade do Algarve - Faculdade de Ciências Humanas e Sociais
0201;9219;Universidade do Algarve - Faculdade de Ciências Humanas e Sociais
0201;9817;Universidade do Algarve - Faculdade de Ciências Humanas e Sociais
0201;9821;Universidade do Algarve - Faculdade de Ciências Humanas e Sociais
0201;9834;Universidade do Algarve - Faculdade de Ciências Humanas e Sociais
0203;8258;Universidade do Algarve - Faculdade de Ciências e Tecnologia
0203;9003;Universidade do Algarve - Faculdade de Ciências e Tecnologia
0203;9011;Universidade do Algarve - Faculdade de Ciências e Tecnologia
0203;9013;Universidade do Algarve - Faculdade de Ciências e Tecnologia
0203;9015;Universidade do Algarve - Faculdade de Ciências e Tecnologia
0203;9016;Universidade do Algarve - Faculdade de Ciências e Tecnologia
0203;9119;Universidade do Algarve - Faculdade de Ciências e Tecnologia
0203;9210;Universidade do Algarve - Faculdade de Ciências e Tecnologia
0203;9494;Universidade do Algarve - Faculdade de Ciências e Tecnologia
0203;L123;Universidade do Algarve - Faculdade de Ciências e Tecnologia
0204;9081;Universidade do Algarve - Faculdade de Economia
0204;9152;Universidade do Algarve - Faculdade de Economia
0204;9240;Universidade do Algarve - Faculdade de Economia
0300;9002;Universidade de Aveiro
0300;9011;Universidade de Aveiro
0300;9012;Universidade de Aveiro
0300;9015;Universidade de Aveiro
0300;9016;Universidade de Aveiro
0300;9041;Universidade de Aveiro
0300;9069;Universidade de Aveiro
0300;9081;Universidade de Aveiro
0300;9119;Universidade de Aveiro
0300;9141;Universidade de Aveiro
0300;9146;Universidade de Aveiro
0300;9147;Universidade de Aveiro
0300;9194;Universidade de Aveiro
0300;9196;Universidade de Aveiro
0300;9204;Universidade de Aveiro
0300;9209;Universidade de Aveiro
0300;9212;Universidade de Aveiro
0300;9215;Universidade de Aveiro
0300;9219;Universidade de Aveiro
0300;9223;Universidade de Aveiro
0300;9252;Universidade de Aveiro
0300;9254;Universidade de Aveiro
0300;9351;Universidade de Aveiro
0300;9359;Universidade de Aveiro
0300;9360;Universidade de Aveiro
0300;9361;Universidade de Aveiro
0300;9363;Universidade de Aveiro
0300;9365;Universidade de Aveiro
0300;9368;Universidade de Aveiro
0300;9369;Universidade de Aveiro
0300;9461;Universidade de Aveiro
0300;9508;Universidade de Aveiro
0300;9509;Universidade de Aveiro
0300;9853;Universidade de Aveiro
0300;G009;Universidade de Aveiro
0400;8184;Universidade da Beira Interior
0400;8470;Universidade da Beira Interior
0400;9015;Universidade da Beira Interior
0400;9016;Universidade da Beira Interior
0400;9020;Universidade da Beira Interior
0400;9023;Universidade da Beira Interior
0400;9025;Universidade da Beira Interior
0400;9048;Universidade da Beira Interior
0400;9071;Universidade da Beira Interior
0400;9074;Universidade da Beira Interior
0400;9075;Universidade da Beira Interior
0400;9081;Universidade da Beira Interior
0400;9104;Universidade da Beira Interior
0400;9105;Universidade da Beira Interior
0400;9112;Universidade da Beira Interior
0400;9119;Universidade da Beira Interior
0400;9147;Universidade da Beira Interior
0400;9205;Universidade da Beira Interior
0400;9219;Universidade da Beira Interior
0400;9225;Universidade da Beira Interior
0400;9240;Universidade da Beira Interior
0400;9257;Universidade da Beira Interior
0400;9351;Universidade da Beira Interior
0400;9360;Universidade da Beira Interior
0400;9494;Universidade da Beira Interior
0400;9540;Universidade da Beira Interior
0400;9707;Universidade da Beira Interior
0400;9813;Universidade da Beira Interior
0400;9918;Universidade da Beira Interior
0400;L042;Universidade da Beira Interior
0501;8408;Universidade de Coimbra - Faculdade de Ciências e Tecnologia
0501;9011;Universidade de Coimbra - Faculdade de Ciências e Tecnologia
0501;9015;Universidade de Coimbra - Faculdade de Ciências e Tecnologia
0501;9104;Universidade de Coimbra - Faculdade de Ciências e Tecnologia
0501;9119;Universidade de Coimbra - Faculdade de Ciências e Tecnologia
0501;9141;Universidade de Coimbra - Faculdade de Ciências e Tecnologia
0501;9146;Universidade de Coimbra - Faculdade de Ciências e Tecnologia
0501;9209;Universidade de Coimbra - Faculdade de Ciências e Tecnologia
0501;9223;Universidade de Coimbra - Faculdade de Ciências e Tecnologia
0501;9257;Universidade de Coimbra - Faculdade de Ciências e Tecnologia
0501;9359;Universidade de Coimbra - Faculdade de Ciências e Tecnologia
0501;9360;Universidade de Coimbra - Faculdade de Ciências e Tecnologia
0501;9367;Universidade de Coimbra - Faculdade de Ciências e Tecnologia
0501;9368;Universidade de Coimbra - Faculdade de Ciências e Tecnologia
0501;9369;Universidade de Coimbra - Faculdade de Ciências e Tecnologia
0501;9448;Universidade de Coimbra - Faculdade de Ciências e Tecnologia
0501;9461;Universidade de Coimbra - Faculdade de Ciências e Tecnologia
0501;9508;Universidade de Coimbra - Faculdade de Ciências e Tecnologia
0501;9891;Universidade de Coimbra - Faculdade de Ciências e Tecnologia
0502;8067;Universidade de Coimbra - Faculdade de Direito
0502;9078;Universidade de Coimbra - Faculdade de Direito
0503;9081;Universidade de Coimbra - Faculdade de Economia
0503;9147;Universidade de Coimbra - Faculdade de Economia
0503;9229;Universidade de Coimbra - Faculdade de Economia
0503;9240;Universidade de Coimbra - Faculdade de Economia
0504;9494;Universidade de Coimbra - Faculdade de Farmácia
0504;9819;Universidade de Coimbra - Faculdade de Farmácia
0504;9832;Universidade de Coimbra - Faculdade de Farmácia
0505;8393;Universidade de Coimbra - Faculdade de Letras
0505;9006;Universidade de Coimbra - Faculdade de Letras
0505;9132;Universidade de Coimbra - Faculdade de Letras
0505;9133;Universidade de Coimbra - Faculdade de Letras
0505;9135;Universidade de Coimbra - Faculdade de Letras
0505;9139;Universidade de Coimbra - Faculdade de Letras
0505;9143;Universidade de Coimbra - Faculdade de Letras
0505;9181;Universidade de Coimbra - Faculdade de Letras
0505;9182;Universidade de Coimbra - Faculdade de Letras
0505;9694;Universidade de Coimbra - Faculdade de Letras
0505;9773;Universidade de Coimbra - Faculdade de Letras
0505;9779;Universidade de Coimbra - Faculdade de Letras
0505;L109;Universidade de Coimbra - Faculdade de Letras
0506;9548;Universidade de Coimbra - Faculdade de Medicina
0506;9813;Universidade de Coimbra - Faculdade de Medicina
0507;9026;Universidade de Coimbra - Faculdade de Psicologia e de Ciências da Educação
0507;9238;Universidade de Coimbra - Faculdade de Psicologia e de Ciências da Educação
0507;9555;Universidade de Coimbra - Faculdade de Psicologia e de Ciências da Educação
0508;8368;Universidade de Coimbra - Faculdade de Ciências do Desporto e Educação Física
0508;9707;Universidade de Coimbra - Faculdade de Ciências do Desporto e Educação Física
0602;8258;Universidade de Évora - Escola de Ciências e Tecnologia
0602;8262;Universidade de Évora - Escola de Ciências e Tecnologia
0602;9003;Universidade de Évora - Escola de Ciências e Tecnologia
0602;9011;Universidade de Évora - Escola de Ciências e Tecnologia
0602;9015;Universidade de Évora - Escola de Ciências e Tecnologia
0602;9016;Universidade de Évora - Escola de Ciências e Tecnologia
0602;9119;Universidade de Évora - Escola de Ciências e Tecnologia
0602;9143;Universidade de Évora - Escola de Ciências e Tecnologia
0602;9146;Universidade de Évora - Escola de Ciências e Tecnologia
0602;9210;Universidade de Évora - Escola de Ciências e Tecnologia
0602;9707;Universidade de Évora - Escola de Ciências e Tecnologia
0602;9751;Universidade de Évora - Escola de Ciências e Tecnologia
0602;9818;Universidade de Évora - Escola de Ciências e Tecnologia
0602;9841;Universidade de Évora - Escola de Ciências e Tecnologia
0602;9847;Universidade de Évora - Escola de Ciências e Tecnologia
0602;9910;Universidade de Évora - Escola de Ciências e Tecnologia
0602;L090;Universidade de Évora - Escola de Ciências e Tecnologia
0603;9069;Universidade de Évora - Escola de Artes
0603;9243;Universidade de Évora - Escola de Artes
0603;9257;Universidade de Évora - Escola de Artes
0603;9347;Universidade de Évora - Escola de Artes
0604;8251;Universidade de Évora - Escola de Ciências Sociais
0604;9026;Universidade de Évora - Escola de Ciências Sociais
0604;9081;Universidade de Évora - Escola de Ciências Sociais
0604;9147;Universidade de Évora - Escola de Ciências Sociais
0604;9219;Universidade de Évora - Escola de Ciências Sociais
0604;9229;Universidade de Évora - Escola de Ciências Sociais
0604;9240;Universidade de Évora - Escola de Ciências Sociais
0604;9254;Universidade de Évora - Escola de Ciências Sociais
0604;9787;Universidade de Évora - Escola de Ciências Sociais
0604;9853;Universidade de Évora - Escola de Ciências Sociais
0604;L047;Universidade de Évora - Escola de Ciências Sociais
0901;9554;Universidade Nova de Lisboa - Faculdade de Ciências Médicas
0901;9813;Universidade Nova de Lisboa - Faculdade de Ciências Médicas
0902;8109;Universidade Nova de Lisboa - Faculdade de Ciências Sociais e Humanas
0902;9006;Universidade Nova de Lisboa - Faculdade de Ciências Sociais e Humanas
0902;9020;Universidade Nova de Lisboa - Faculdade de Ciências Sociais e Humanas
0902;9023;Universidade Nova de Lisboa - Faculdade de Ciências Sociais e Humanas
0902;9040;Universidade Nova de Lisboa - Faculdade de Ciências Sociais e Humanas
0902;9046;Universidade Nova de Lisboa - Faculdade de Ciências Sociais e Humanas
0902;9139;Universidade Nova de Lisboa - Faculdade de Ciências Sociais e Humanas
0902;9145;Universidade Nova de Lisboa - Faculdade de Ciências Sociais e Humanas
0902;9181;Universidade Nova de Lisboa - Faculdade de Ciências Sociais e Humanas
0902;9182;Universidade Nova de Lisboa - Faculdade de Ciências Sociais e Humanas
0902;9204;Universidade Nova de Lisboa - Faculdade de Ciências Sociais e Humanas
0902;9240;Universidade Nova de Lisboa - Faculdade de Ciências Sociais e Humanas
0902;9252;Universidade Nova de Lisboa - Faculdade de Ciências Sociais e Humanas
0902;9448;Universidade Nova de Lisboa - Faculdade de Ciências Sociais e Humanas
0902;9917;Universidade Nova de Lisboa - Faculdade de Ciências Sociais e Humanas
0903;8036;Universidade Nova de Lisboa - Faculdade de Ciências e Tecnologia
0903;8334;Universidade Nova de Lisboa - Faculdade de Ciências e Tecnologia
0903;9015;Universidade Nova de Lisboa - Faculdade de Ciências e Tecnologia
0903;9116;Universidade Nova de Lisboa - Faculdade de Ciências e Tecnologia
0903;9209;Universidade Nova de Lisboa - Faculdade de Ciências e Tecnologia
0903;9224;Universidade Nova de Lisboa - Faculdade de Ciências e Tecnologia
0903;9348;Universidade Nova de Lisboa - Faculdade de Ciências e Tecnologia
0903;9359;Universidade Nova de Lisboa - Faculdade de Ciências e Tecnologia
0903;9360;Universidade Nova de Lisboa - Faculdade de Ciências e Tecnologia
0903;9363;Universidade Nova de Lisboa - Faculdade de Ciências e Tecnologia
0903;9367;Universidade Nova de Lisboa - Faculdade de Ciências e Tecnologia
0903;9368;Universidade Nova de Lisboa - Faculdade de Ciências e Tecnologia
0903;9369;Universidade Nova de Lisboa - Faculdade de Ciências e Tecnologia
0903;9370;Universidade Nova de Lisboa - Faculdade de Ciências e Tecnologia
0903;9508;Universidade Nova de Lisboa - Faculdade de Ciências e Tecnologia
0903;9509;Universidade Nova de Lisboa - Faculdade de Ciências e Tecnologia
0903;G005;Universidade Nova de Lisboa - Faculdade de Ciências e Tecnologia
0903;L167;Universidade Nova de Lisboa - Faculdade de Ciências e Tecnologia
0904;9081;Universidade Nova de Lisboa - Faculdade de Economia
0904;9147;Universidade Nova de Lisboa - Faculdade de Economia
0906;8259;Universidade Nova de Lisboa - Instituto Superior de Estatística e Gestão de Informação
0906;9155;Universidade Nova de Lisboa - Instituto Superior de Estatística e Gestão de Informação
0911;9078;Universidade Nova de Lisboa - Faculdade de Direito
1000;8005;Universidade do Minho
1000;8183;Universidade do Minho
1000;8184;Universidade do Minho
1000;8358;Universidade do Minho
1000;8427;Universidade do Minho
1000;8433;Universidade do Minho
1000;8494;Universidade do Minho
1000;9002;Universidade do Minho
1000;9006;Universidade do Minho
1000;9012;Universidade do Minho
1000;9015;Universidade do Minho
1000;9019;Universidade do Minho
1000;9023;Universidade do Minho
1000;9078;Universidade do Minho
1000;9081;Universidade do Minho
1000;9134;Universidade do Minho
1000;9138;Universidade do Minho
1000;9139;Universidade do Minho
1000;9141;Universidade do Minho
1000;9146;Universidade do Minho
1000;9147;Universidade do Minho
1000;9181;Universidade do Minho
1000;9192;Universidade do Minho
1000;9195;Universidade do Minho
1000;9209;Universidade do Minho
1000;9223;Universidade do Minho
1000;9229;Universidade do Minho
1000;9240;Universidade do Minho
1000;9243;Universidade do Minho
1000;9257;Universidade do Minho
1000;9353;Universidade do Minho
1000;9358;Universidade do Minho
1000;9359;Universidade do Minho
1000;9360;Universidade do Minho
1000;9363;Universidade do Minho
1000;9364;Universidade do Minho
1000;9366;Universidade do Minho
1000;9368;Universidade do Minho
1000;9369;Universidade do Minho
1000;9371;Universidade do Minho
1000;9379;Universidade do Minho
1000;9381;Universidade do Minho
1000;9397;Universidade do Minho
1000;9499;Universidade do Minho
1000;9509;Universidade do Minho
1000;9555;Universidade do Minho
1000;9688;Universidade do Minho
1000;9813;Universidade do Minho
1000;9817;Universidade do Minho
1000;9853;Universidade do Minho
1000;9869;Universidade do Minho
1000;G001;Universidade do Minho
1000;G002;Universidade do Minho
1000;G005;Universidade do Minho
1000;G007;Universidade do Minho
1000;L078;Universidade do Minho
1000;L112;Universidade do Minho
1000;L147;Universidade do Minho
1101;9554;Universidade do Porto - Faculdade de Ciências da Nutrição e da Alimentação
1102;9257;Universidade do Porto - Faculdade de Arquitetura
1103;8258;Universidade do Porto - Faculdade de Ciências
1103;9011;Universidade do Porto - Faculdade de Ciências
1103;9015;Universidade do Porto - Faculdade de Ciências
1103;9141;Universidade do Porto - Faculdade de Ciências
1103;9146;Universidade do Porto - Faculdade de Ciências
1103;9209;Universidade do Porto - Faculdade de Ciências
1103;9223;Universidade do Porto - Faculdade de Ciências
1103;9368;Universidade do Porto - Faculdade de Ciências
1103;9696;Universidade do Porto - Faculdade de Ciências
1103;9709;Universidade do Porto - Faculdade de Ciências
1103;9812;Universidade do Porto - Faculdade de Ciências
1103;9824;Universidade do Porto - Faculdade de Ciências
1104;9081;Universidade do Porto - Faculdade de Economia
1104;9147;Universidade do Porto - Faculdade de Economia
1105;9360;Universidade do Porto - Faculdade de Engenharia
1105;9367;Universidade do Porto - Faculdade de Engenharia
1105;9369;Universidade do Porto - Faculdade de Engenharia
1105;9459;Universidade do Porto - Faculdade de Engenharia
1105;9460;Universidade do Porto - Faculdade de Engenharia
1105;9461;Universidade do Porto - Faculdade de Engenharia
1105;9493;Universidade do Porto - Faculdade de Engenharia
1105;9508;Universidade do Porto - Faculdade de Engenharia
1105;9509;Universidade do Porto - Faculdade de Engenharia
1105;9897;Universidade do Porto - Faculdade de Engenharia
1106;9494;Universidade do Porto - Faculdade de Farmácia
1107;9006;Universidade do Porto - Faculdade de Letras
1107;9040;Universidade do Porto - Faculdade de Letras
1107;9139;Universidade do Porto - Faculdade de Letras
1107;9143;Universidade do Porto - Faculdade de Letras
1107;9181;Universidade do Porto - Faculdade de Letras
1107;9182;Universidade do Porto - Faculdade de Letras
1107;9192;Universidade do Porto - Faculdade de Letras
1107;9197;Universidade do Porto - Faculdade de Letras
1107;9204;Universidade do Porto - Faculdade de Letras
1107;9240;Universidade do Porto - Faculdade de Letras
1107;9694;Universidade do Porto - Faculdade de Letras
1107;9701;Universidade do Porto - Faculdade de Letras
1107;9917;Universidade do Porto - Faculdade de Letras
1108;9813;Universidade do Porto - Faculdade de Medicina
1109;9026;Universidade do Porto - Faculdade de Psicologia e de Ciências da Educação
1109;9555;Universidade do Porto - Faculdade de Psicologia e de Ciências da Educação
1110;9708;Universidade do Porto - Instituto de Ciências Biomédicas Abel Salazar
1110;9813;Universidade do Porto - Instituto de Ciências Biomédicas Abel Salazar
1110;9847;Universidade do Porto - Instituto de Ciências Biomédicas Abel Salazar
1111;9707;Universidade do Porto - Faculdade de Desporto
1113;9548;Universidade do Porto - Faculdade de Medicina Dentária
1114;9066;Universidade do Porto - Faculdade de Direito
1114;9078;Universidade do Porto - Faculdade de Direito
1201;8258;Universidade de Trás-os-Montes e Alto Douro - Escola de Ciências Agrárias e Veterinárias
1201;9086;Universidade de Trás-os-Montes e Alto Douro - Escola de Ciências Agrárias e Veterinárias
1201;9114;Universidade de Trás-os-Montes e Alto Douro - Escola de Ciências Agrárias e Veterinárias
1201;9129;Universidade de Trás-os-Montes e Alto Douro - Escola de Ciências Agrárias e Veterinárias
1201;9752;Universidade de Trás-os-Montes e Alto Douro - Escola de Ciências Agrárias e Veterinárias
1201;9847;Universidade de Trás-os-Montes e Alto Douro - Escola de Ciências Agrárias e Veterinárias
1202;9023;Universidade de Trás-os-Montes e Alto Douro - Escola de Ciências Humanas e Sociais
1202;9081;Universidade de Trás-os-Montes e Alto Douro - Escola de Ciências Humanas e Sociais
1202;9147;Universidade de Trás-os-Montes e Alto Douro - Escola de Ciências Humanas e Sociais
1202;9196;Universidade de Trás-os-Montes e Alto Douro - Escola de Ciências Humanas e Sociais
1202;9204;Universidade de Trás-os-Montes e Alto Douro - Escola de Ciências Humanas e Sociais
1202;9219;Universidade de Trás-os-Montes e Alto Douro - Escola de Ciências Humanas e Sociais
1202;9238;Universidade de Trás-os-Montes e Alto Douro - Escola de Ciências Humanas e Sociais
1202;9254;Universidade de Trás-os-Montes e Alto Douro - Escola de Ciências Humanas e Sociais
1202;9803;Universidade de Trás-os-Montes e Alto Douro - Escola de Ciências Humanas e Sociais
1202;9853;Universidade de Trás-os-Montes e Alto Douro - Escola de Ciências Humanas e Sociais
1202;L092;Universidade de Trás-os-Montes e Alto Douro - Escola de Ciências Humanas e Sociais
1203;8088;Universidade de Trás-os-Montes e Alto Douro - Escola de Ciências e Tecnologia
1203;9052;Universidade de Trás-os-Montes e Alto Douro - Escola de Ciências e Tecnologia
1203;9089;Universidade de Trás-os-Montes e Alto Douro - Escola de Ciências e Tecnologia
1203;9119;Universidade de Trás-os-Montes e Alto Douro - Escola de Ciências e Tecnologia
1203;9123;Universidade de Trás-os-Montes e Alto Douro - Escola de Ciências e Tecnologia
1203;9367;Universidade de Trás-os-Montes e Alto Douro - Escola de Ciências e Tecnologia
1203;9455;Universidade de Trás-os-Montes e Alto Douro - Escola de Ciências e Tecnologia
1204;9011;Universidade de Trás-os-Montes e Alto Douro - Escola de Ciências da Vida e do Ambiente
1204;9012;Universidade de Trás-os-Montes e Alto Douro - Escola de Ciências da Vida e do Ambiente
1204;9015;Universidade de Trás-os-Montes e Alto Douro - Escola de Ciências da Vida e do Ambiente
1204;9379;Universidade de Trás-os-Montes e Alto Douro - Escola de Ciências da Vida e do Ambiente
1204;9540;Universidade de Trás-os-Montes e Alto Douro - Escola de Ciências da Vida e do Ambiente
1204;9554;Universidade de Trás-os-Montes e Alto Douro - Escola de Ciências da Vida e do Ambiente
1204;9707;Universidade de Trás-os-Montes e Alto Douro - Escola de Ciências da Vida e do Ambiente
1204;9761;Universidade de Trás-os-Montes e Alto Douro - Escola de Ciências da Vida e do Ambiente
1204;9841;Universidade de Trás-os-Montes e Alto Douro - Escola de Ciências da Vida e do Ambiente
1306;9069;Universidade da Madeira - Faculdade de Artes e Humanidades
1306;9196;Universidade da Madeira - Faculdade de Artes e Humanidades
1306;9219;Universidade da Madeira - Faculdade de Artes e Humanidades
1306;9720;Universidade da Madeira - Faculdade de Artes e Humanidades
1306;9817;Universidade da Madeira - Faculdade de Artes e Humanidades
1306;L150;Universidade da Madeira - Faculdade de Artes e Humanidades
1307;9015;Universidade da Madeira - Faculdade de Ciências Exatas e da Engenharia
1307;9119;Universidade da Madeira - Faculdade de Ciências Exatas e da Engenharia
1307;A010;Universidade da Madeira - Faculdade de Ciências Exatas e da Engenharia
1307;A011;Universidade da Madeira - Faculdade de Ciências Exatas e da Engenharia
1307;A012;Universidade da Madeira - Faculdade de Ciências Exatas e da Engenharia
1308;9026;Universidade da Madeira - Faculdade de Ciências Sociais
1308;9081;Universidade da Madeira - Faculdade de Ciências Sociais
1308;9147;Universidade da Madeira - Faculdade de Ciências Sociais
1308;9736;Universidade da Madeira - Faculdade de Ciências Sociais
1308;9853;Universidade da Madeira - Faculdade de Ciências Sociais
1309;8083;Universidade da Madeira - Faculdade de Ciências da Vida
1309;9011;Universidade da Madeira - Faculdade de Ciências da Vida
1320;9500;Universidade da Madeira - Escola Superior de Saúde
1321;9076;Universidade da Madeira - Escola Superior de Tecnologias e Gestão
1501;9069;Universidade de Lisboa - Faculdade de Arquitetura
1501;9071;Universidade de Lisboa - Faculdade de Arquitetura
1501;9257;Universidade de Lisboa - Faculdade de Arquitetura
1501;G008;Universidade de Lisboa - Faculdade de Arquitetura
1502;8399;Universidade de Lisboa - Faculdade de Belas-Artes
1502;9070;Universidade de Lisboa - Faculdade de Belas-Artes
1502;9072;Universidade de Lisboa - Faculdade de Belas-Artes
1502;9754;Universidade de Lisboa - Faculdade de Belas-Artes
1502;9790;Universidade de Lisboa - Faculdade de Belas-Artes
1502;9904;Universidade de Lisboa - Faculdade de Belas-Artes
1502;L010;Universidade de Lisboa - Faculdade de Belas-Artes
1503;9011;Universidade de Lisboa - Faculdade de Ciências
1503;9015;Universidade de Lisboa - Faculdade de Ciências
1503;9119;Universidade de Lisboa - Faculdade de Ciências
1503;9141;Universidade de Lisboa - Faculdade de Ciências
1503;9146;Universidade de Lisboa - Faculdade de Ciências
1503;9209;Universidade de Lisboa - Faculdade de Ciências
1503;9212;Universidade de Lisboa - Faculdade de Ciências
1503;9223;Universidade de Lisboa - Faculdade de Ciências
1503;9226;Universidade de Lisboa - Faculdade de Ciências
1503;9368;Universidade de Lisboa - Faculdade de Ciências
1503;9381;Universidade de Lisboa - Faculdade de Ciências
1503;9385;Universidade de Lisboa - Faculdade de Ciências
1503;9811;Universidade de Lisboa - Faculdade de Ciências
1503;9845;Universidade de Lisboa - Faculdade de Ciências
1503;L079;Universidade de Lisboa - Faculdade de Ciências
1503;L096;Universidade de Lisboa - Faculdade de Ciências
1504;8358;Universidade de Lisboa - Faculdade de Direito
1504;9078;Universidade de Lisboa - Faculdade de Direito
1505;9494;Universidade de Lisboa - Faculdade de Farmácia
1506;8104;Universidade de Lisboa - Faculdade de Letras
1506;8413;Universidade de Lisboa - Faculdade de Letras
1506;8458;Universidade de Lisboa - Faculdade de Letras
1506;9006;Universidade de Lisboa - Faculdade de Letras
1506;9040;Universidade de Lisboa - Faculdade de Letras
1506;9131;Universidade de Lisboa - Faculdade de Letras
1506;9133;Universidade de Lisboa - Faculdade de Letras
1506;9135;Universidade de Lisboa - Faculdade de Letras
1506;9139;Universidade de Lisboa - Faculdade de Letras
1506;9181;Universidade de Lisboa - Faculdade de Letras
1506;9182;Universidade de Lisboa - Faculdade de Letras
1506;9204;Universidade de Lisboa - Faculdade de Letras
1506;9252;Universidade de Lisboa - Faculdade de Letras
1506;9914;Universidade de Lisboa - Faculdade de Letras
1506;9917;Universidade de Lisboa - Faculdade de Letras
1506;L097;Universidade de Lisboa - Faculdade de Letras
1506;L145;Universidade de Lisboa - Faculdade de Letras
1507;9554;Universidade de Lisboa - Faculdade de Medicina
1507;9813;Universidade de Lisboa - Faculdade de Medicina
1508;9548;Universidade de Lisboa - Faculdade de Medicina Dentária
1508;9556;Universidade de Lisboa - Faculdade de Medicina Dentária
1508;9791;Universidade de Lisboa - Faculdade de Medicina Dentária
1509;9847;Universidade de Lisboa - Faculdade de Medicina Veterinária
1510;9068;Universidade de Lisboa - Faculdade de Motricidade Humana
1510;9162;Universidade de Lisboa - Faculdade de Motricidade Humana
1510;9707;Universidade de Lisboa - Faculdade de Motricidade Humana
1510;9753;Universidade de Lisboa - Faculdade de Motricidade Humana
1510;9841;Universidade de Lisboa - Faculdade de Motricidade Humana
1511;9555;Universidade de Lisboa - Faculdade de Psicologia
1513;L040;Universidade de Lisboa - Instituto de Educação
1514;8411;Universidade de Lisboa - Instituto de Geografia e Ordenamento do Território
1514;9143;Universidade de Lisboa - Instituto de Geografia e Ordenamento do Território
1515;8258;Universidade de Lisboa - Instituto Superior de Agronomia
1515;8377;Universidade de Lisboa - Instituto Superior de Agronomia
1515;9011;Universidade de Lisboa - Instituto Superior de Agronomia
1515;9086;Universidade de Lisboa - Instituto Superior de Agronomia
1515;9087;Universidade de Lisboa - Instituto Superior de Agronomia
1515;9099;Universidade de Lisboa - Instituto Superior de Agronomia
1515;9129;Universidade de Lisboa - Instituto Superior de Agronomia
1516;8014;Universidade de Lisboa - Instituto Superior de Ciências Sociais e Políticas
1516;8102;Universidade de Lisboa - Instituto Superior de Ciências Sociais e Políticas
1516;8109;Universidade de Lisboa - Instituto Superior de Ciências Sociais e Políticas
1516;8111;Universidade de Lisboa - Instituto Superior de Ciências Sociais e Políticas
1516;8363;Universidade de Lisboa - Instituto Superior de Ciências Sociais e Políticas
1516;8364;Universidade de Lisboa - Instituto Superior de Ciências Sociais e Políticas
1516;9002;Universidade de Lisboa - Instituto Superior de Ciências Sociais e Políticas
1516;9019;Universidade de Lisboa - Instituto Superior de Ciências Sociais e Políticas
1516;9023;Universidade de Lisboa - Instituto Superior de Ciências Sociais e Políticas
1516;9157;Universidade de Lisboa - Instituto Superior de Ciências Sociais e Políticas
1516;9229;Universidade de Lisboa - Instituto Superior de Ciências Sociais e Políticas
1516;9238;Universidade de Lisboa - Instituto Superior de Ciências Sociais e Políticas
1516;9240;Universidade de Lisboa - Instituto Superior de Ciências Sociais e Políticas
1516;9448;Universidade de Lisboa - Instituto Superior de Ciências Sociais e Políticas
1517;9081;Universidade de Lisboa - Instituto Superior de Economia e Gestão
1517;9140;Universidade de Lisboa - Instituto Superior de Economia e Gestão
1517;9147;Universidade de Lisboa - Instituto Superior de Economia e Gestão
1517;9210;Universidade de Lisboa - Instituto Superior de Economia e Gestão
1517;A001;Universidade de Lisboa - Instituto Superior de Economia e Gestão
1517;A006;Universidade de Lisboa - Instituto Superior de Economia e Gestão
1518;9121;Universidade de Lisboa - Instituto Superior Técnico
1518;9257;Universidade de Lisboa - Instituto Superior Técnico
1518;9345;Universidade de Lisboa - Instituto Superior Técnico
1518;9357;Universidade de Lisboa - Instituto Superior Técnico
1518;9358;Universidade de Lisboa - Instituto Superior Técnico
1518;9359;Universidade de Lisboa - Instituto Superior Técnico
1518;9360;Universidade de Lisboa - Instituto Superior Técnico
1518;9363;Universidade de Lisboa - Instituto Superior Técnico
1518;9367;Universidade de Lisboa - Instituto Superior Técnico
1518;9369;Universidade de Lisboa - Instituto Superior Técnico
1518;9458;Universidade de Lisboa - Instituto Superior Técnico
1518;9461;Universidade de Lisboa - Instituto Superior Técnico
1518;9508;Universidade de Lisboa - Instituto Superior Técnico
1518;9913;Universidade de Lisboa - Instituto Superior Técnico
1518;L162;Universidade de Lisboa - Instituto Superior Técnico
1519;9098;Universidade de Lisboa - Instituto Superior Técnico (Tagus Park)
1519;9104;Universidade de Lisboa - Instituto Superior Técnico (Tagus Park)
1519;9121;Universidade de Lisboa - Instituto Superior Técnico (Tagus Park)
1519;9912;Universidade de Lisboa - Instituto Superior Técnico (Tagus Park)
3011;8005;Universidade de Aveiro - Instituto Superior de Contabilidade e Administração de Aveiro
3011;8449;Universidade de Aveiro - Instituto Superior de Contabilidade e Administração de Aveiro
3011;9056;Universidade de Aveiro - Instituto Superior de Contabilidade e Administração de Aveiro
3011;9140;Universidade de Aveiro - Instituto Superior de Contabilidade e Administração de Aveiro
3011;9205;Universidade de Aveiro - Instituto Superior de Contabilidade e Administração de Aveiro
3011;9869;Universidade de Aveiro - Instituto Superior de Contabilidade e Administração de Aveiro
3011;9888;Universidade de Aveiro - Instituto Superior de Contabilidade e Administração de Aveiro
3012;8016;Universidade de Aveiro - Escola Superior de Tecnologia e Gestão de Águeda
3012;8405;Universidade de Aveiro - Escola Superior de Tecnologia e Gestão de Águeda
3012;9109;Universidade de Aveiro - Escola Superior de Tecnologia e Gestão de Águeda
3012;9235;Universidade de Aveiro - Escola Superior de Tecnologia e Gestão de Águeda
3012;9769;Universidade de Aveiro - Escola Superior de Tecnologia e Gestão de Águeda
3012;L021;Universidade de Aveiro - Escola Superior de Tecnologia e Gestão de Águeda
3013;9500;Universidade de Aveiro - Escola Superior de Saúde de Aveiro
3013;9504;Universidade de Aveiro - Escola Superior de Saúde de Aveiro
3013;9890;Universidade de Aveiro - Escola Superior de Saúde de Aveiro
3013;L066;Universidade de Aveiro - Escola Superior de Saúde de Aveiro
3014;L135;Universidade de Aveiro - Escola Superior de Design, Gestão e Tecnologia da Produção de Aveiro-Norte
3014;L138;Universidade de Aveiro - Escola Superior de Design, Gestão e Tecnologia da Produção de Aveiro-Norte
3021;9003;Instituto Politécnico de Beja - Escola Superior Agrária
3021;9099;Instituto Politécnico de Beja - Escola Superior Agrária
3021;9350;Instituto Politécnico de Beja - Escola Superior Agrária
3021;L157;Instituto Politécnico de Beja - Escola Superior Agrária
3022;9238;Instituto Politécnico de Beja - Escola Superior de Educação
3022;9563;Instituto Politécnico de Beja - Escola Superior de Educação
3022;9853;Instituto Politécnico de Beja - Escola Superior de Educação
3023;8437;Instituto Politécnico de Beja - Escola Superior de Tecnologia e de Gestão
3023;9119;Instituto Politécnico de Beja - Escola Superior de Tecnologia e de Gestão
3023;9152;Instituto Politécnico de Beja - Escola Superior de Tecnologia e de Gestão
3023;9242;Instituto Politécnico de Beja - Escola Superior de Tecnologia e de Gestão
3023;9254;Instituto Politécnico de Beja - Escola Superior de Tecnologia e de Gestão
3023;9994;Instituto Politécnico de Beja - Escola Superior de Tecnologia e de Gestão
3031;8015;Instituto Politécnico do Cávado e do Ave - Escola Superior de Gestão
3031;8402;Instituto Politécnico do Cávado e do Ave - Escola Superior de Gestão
3031;9056;Instituto Politécnico do Cávado e do Ave - Escola Superior de Gestão
3031;9140;Instituto Politécnico do Cávado e do Ave - Escola Superior de Gestão
3031;9152;Instituto Politécnico do Cávado e do Ave - Escola Superior de Gestão
3031;9242;Instituto Politécnico do Cávado e do Ave - Escola Superior de Gestão
3031;9759;Instituto Politécnico do Cávado e do Ave - Escola Superior de Gestão
3031;9869;Instituto Politécnico do Cávado e do Ave - Escola Superior de Gestão
3031;9990;Instituto Politécnico do Cávado e do Ave - Escola Superior de Gestão
3031;9994;Instituto Politécnico do Cávado e do Ave - Escola Superior de Gestão
3031;L140;Instituto Politécnico do Cávado e do Ave - Escola Superior de Gestão
3032;8311;Instituto Politécnico do Cávado e do Ave - Escola Superior de Tecnologia
3032;8409;Instituto Politécnico do Cávado e do Ave - Escola Superior de Tecnologia
3032;8417;Instituto Politécnico do Cávado e do Ave - Escola Superior de Tecnologia
3032;8467;Instituto Politécnico do Cávado e do Ave - Escola Superior de Tecnologia
3032;9104;Instituto Politécnico do Cávado e do Ave - Escola Superior de Tecnologia
3032;9112;Instituto Politécnico do Cávado e do Ave - Escola Superior de Tecnologia
3033;9074;Instituto Politécnico do Cávado e do Ave - Escola Superior de Design
3033;9470;Instituto Politécnico do Cávado e do Ave - Escola Superior de Design
3033;9873;Instituto Politécnico do Cávado e do Ave - Escola Superior de Design
3034;8156;Instituto Politécnico do Cávado e do Ave - Escola Superior de Hotelaria e Turismo
3034;8341;Instituto Politécnico do Cávado e do Ave - Escola Superior de Hotelaria e Turismo
3041;8401;Instituto Politécnico de Bragança - Escola Superior Agrária de Bragança
3041;9085;Instituto Politécnico de Bragança - Escola Superior Agrária de Bragança
3041;9086;Instituto Politécnico de Bragança - Escola Superior Agrária de Bragança
3041;9087;Instituto Politécnico de Bragança - Escola Superior Agrária de Bragança
3041;9099;Instituto Politécnico de Bragança - Escola Superior Agrária de Bragança
3041;9129;Instituto Politécnico de Bragança - Escola Superior Agrária de Bragança
3041;L029;Instituto Politécnico de Bragança - Escola Superior Agrária de Bragança
3042;8323;Instituto Politécnico de Bragança - Escola Superior de Educação de Bragança
3042;8374;Instituto Politécnico de Bragança - Escola Superior de Educação de Bragança
3042;9082;Instituto Politécnico de Bragança - Escola Superior de Educação de Bragança
3042;9084;Instituto Politécnico de Bragança - Escola Superior de Educação de Bragança
3042;9563;Instituto Politécnico de Bragança - Escola Superior de Educação de Bragança
3042;9853;Instituto Politécnico de Bragança - Escola Superior de Educação de Bragança
3042;9898;Instituto Politécnico de Bragança - Escola Superior de Educação de Bragança
3042;9933;Instituto Politécnico de Bragança - Escola Superior de Educação de Bragança
3042;L088;Instituto Politécnico de Bragança - Escola Superior de Educação de Bragança
3042;L175;Instituto Politécnico de Bragança - Escola Superior de Educação de Bragança
3043;9056;Instituto Politécnico de Bragança - Escola Superior de Tecnologia e de Gestão de Bragança
3043;9089;Instituto Politécnico de Bragança - Escola Superior de Tecnologia e de Gestão de Bragança
3043;9112;Instituto Politécnico de Bragança - Escola Superior de Tecnologia e de Gestão de Bragança
3043;9119;Instituto Politécnico de Bragança - Escola Superior de Tecnologia e de Gestão de Bragança
3043;9123;Instituto Politécnico de Bragança - Escola Superior de Tecnologia e de Gestão de Bragança
3043;9125;Instituto Politécnico de Bragança - Escola Superior de Tecnologia e de Gestão de Bragança
3043;9147;Instituto Politécnico de Bragança - Escola Superior de Tecnologia e de Gestão de Bragança
3043;9186;Instituto Politécnico de Bragança - Escola Superior de Tecnologia e de Gestão de Bragança
3043;9910;Instituto Politécnico de Bragança - Escola Superior de Tecnologia e de Gestão de Bragança
3043;9991;Instituto Politécnico de Bragança - Escola Superior de Tecnologia e de Gestão de Bragança
3043;A004;Instituto Politécnico de Bragança - Escola Superior de Tecnologia e de Gestão de Bragança
3043;L058;Instituto Politécnico de Bragança - Escola Superior de Tecnologia e de Gestão de Bragança
3043;L069;Instituto Politécnico de Bragança - Escola Superior de Tecnologia e de Gestão de Bragança
3045;8309;Instituto Politécnico de Bragança - Escola Superior de Comunicação, Administração e Turismo de Mirandela
3045;9165;Instituto Politécnico de Bragança - Escola Superior de Comunicação, Administração e Turismo de Mirandela
3045;9188;Instituto Politécnico de Bragança - Escola Superior de Comunicação, Administração e Turismo de Mirandela
3045;9205;Instituto Politécnico de Bragança - Escola Superior de Comunicação, Administração e Turismo de Mirandela
3045;9213;Instituto Politécnico de Bragança - Escola Superior de Comunicação, Administração e Turismo de Mirandela
3045;9242;Instituto Politécnico de Bragança - Escola Superior de Comunicação, Administração e Turismo de Mirandela
3045;9254;Instituto Politécnico de Bragança - Escola Superior de Comunicação, Administração e Turismo de Mirandela
3045;9662;Instituto Politécnico de Bragança - Escola Superior de Comunicação, Administração e Turismo de Mirandela
3051;8397;Instituto Politécnico de Castelo Branco - Escola Superior Agrária de Castelo Branco
3051;9003;Instituto Politécnico de Castelo Branco - Escola Superior Agrária de Castelo Branco
3051;9085;Instituto Politécnico de Castelo Branco - Escola Superior Agrária de Castelo Branco
3051;L093;Instituto Politécnico de Castelo Branco - Escola Superior Agrária de Castelo Branco
3051;L132;Instituto Politécnico de Castelo Branco - Escola Superior Agrária de Castelo Branco
3052;9238;Instituto Politécnico de Castelo Branco - Escola Superior de Educação de Castelo Branco
3052;9485;Instituto Politécnico de Castelo Branco - Escola Superior de Educação de Castelo Branco
3052;9850;Instituto Politécnico de Castelo Branco - Escola Superior de Educação de Castelo Branco
3052;9853;Instituto Politécnico de Castelo Branco - Escola Superior de Educação de Castelo Branco
3053;8463;Instituto Politécnico de Castelo Branco - Escola Superior de Tecnologia de Castelo Branco
3053;9089;Instituto Politécnico de Castelo Branco - Escola Superior de Tecnologia de Castelo Branco
3053;9111;Instituto Politécnico de Castelo Branco - Escola Superior de Tecnologia de Castelo Branco
3053;9118;Instituto Politécnico de Castelo Branco - Escola Superior de Tecnologia de Castelo Branco
3053;9119;Instituto Politécnico de Castelo Branco - Escola Superior de Tecnologia de Castelo Branco
3053;9248;Instituto Politécnico de Castelo Branco - Escola Superior de Tecnologia de Castelo Branco
3054;9147;Instituto Politécnico de Castelo Branco - Escola Superior de Gestão de Idanha-a-Nova
3054;9173;Instituto Politécnico de Castelo Branco - Escola Superior de Gestão de Idanha-a-Nova
3054;9177;Instituto Politécnico de Castelo Branco - Escola Superior de Gestão de Idanha-a-Nova
3054;9242;Instituto Politécnico de Castelo Branco - Escola Superior de Gestão de Idanha-a-Nova
3054;L021;Instituto Politécnico de Castelo Branco - Escola Superior de Gestão de Idanha-a-Nova
3055;9725;Instituto Politécnico de Castelo Branco - Escola Superior de Artes Aplicadas
3055;9726;Instituto Politécnico de Castelo Branco - Escola Superior de Artes Aplicadas
3055;L158;Instituto Politécnico de Castelo Branco - Escola Superior de Artes Aplicadas
3061;9016;Instituto Politécnico de Coimbra - Escola Superior Agrária de Coimbra
3061;9619;Instituto Politécnico de Coimbra - Escola Superior Agrária de Coimbra
3061;9673;Instituto Politécnico de Coimbra - Escola Superior Agrária de Coimbra
3061;L009;Instituto Politécnico de Coimbra - Escola Superior Agrária de Coimbra
3061;L015;Instituto Politécnico de Coimbra - Escola Superior Agrária de Coimbra
3061;L024;Instituto Politécnico de Coimbra - Escola Superior Agrária de Coimbra
3061;L098;Instituto Politécnico de Coimbra - Escola Superior Agrária de Coimbra
3061;L178;Instituto Politécnico de Coimbra - Escola Superior Agrária de Coimbra
3062;8093;Instituto Politécnico de Coimbra - Escola Superior de Educação de Coimbra
3062;8114;Instituto Politécnico de Coimbra - Escola Superior de Educação de Coimbra
3062;8342;Instituto Politécnico de Coimbra - Escola Superior de Educação de Coimbra
3062;9054;Instituto Politécnico de Coimbra - Escola Superior de Educação de Coimbra
3062;9254;Instituto Politécnico de Coimbra - Escola Superior de Educação de Coimbra
3062;9668;Instituto Politécnico de Coimbra - Escola Superior de Educação de Coimbra
3062;9675;Instituto Politécnico de Coimbra - Escola Superior de Educação de Coimbra
3062;9717;Instituto Politécnico de Coimbra - Escola Superior de Educação de Coimbra
3062;9731;Instituto Politécnico de Coimbra - Escola Superior de Educação de Coimbra
3062;9774;Instituto Politécnico de Coimbra - Escola Superior de Educação de Coimbra
3062;9853;Instituto Politécnico de Coimbra - Escola Superior de Educação de Coimbra
3062;9894;Instituto Politécnico de Coimbra - Escola Superior de Educação de Coimbra
3062;9898;Instituto Politécnico de Coimbra - Escola Superior de Educação de Coimbra
3062;L095;Instituto Politécnico de Coimbra - Escola Superior de Educação de Coimbra
3062;L163;Instituto Politécnico de Coimbra - Escola Superior de Educação de Coimbra
3063;8519;Instituto Politécnico de Coimbra - Instituto Superior de Contabilidade e Administração de Coimbra
3063;9061;Instituto Politécnico de Coimbra - Instituto Superior de Contabilidade e Administração de Coimbra
3063;9152;Instituto Politécnico de Coimbra - Instituto Superior de Contabilidade e Administração de Coimbra
3063;9186;Instituto Politécnico de Coimbra - Instituto Superior de Contabilidade e Administração de Coimbra
3063;9722;Instituto Politécnico de Coimbra - Instituto Superior de Contabilidade e Administração de Coimbra
3063;9801;Instituto Politécnico de Coimbra - Instituto Superior de Contabilidade e Administração de Coimbra
3063;L023;Instituto Politécnico de Coimbra - Instituto Superior de Contabilidade e Administração de Coimbra
3063;L056;Instituto Politécnico de Coimbra - Instituto Superior de Contabilidade e Administração de Coimbra
3064;9089;Instituto Politécnico de Coimbra - Instituto Superior de Engenharia de Coimbra
3064;9104;Instituto Politécnico de Coimbra - Instituto Superior de Engenharia de Coimbra
3064;9105;Instituto Politécnico de Coimbra - Instituto Superior de Engenharia de Coimbra
3064;9109;Instituto Politécnico de Coimbra - Instituto Superior de Engenharia de Coimbra
3064;9119;Instituto Politécnico de Coimbra - Instituto Superior de Engenharia de Coimbra
3064;9123;Instituto Politécnico de Coimbra - Instituto Superior de Engenharia de Coimbra
3064;9540;Instituto Politécnico de Coimbra - Instituto Superior de Engenharia de Coimbra
3064;9770;Instituto Politécnico de Coimbra - Instituto Superior de Engenharia de Coimbra
3064;9884;Instituto Politécnico de Coimbra - Instituto Superior de Engenharia de Coimbra
3064;9885;Instituto Politécnico de Coimbra - Instituto Superior de Engenharia de Coimbra
3064;L133;Instituto Politécnico de Coimbra - Instituto Superior de Engenharia de Coimbra
3064;L155;Instituto Politécnico de Coimbra - Instituto Superior de Engenharia de Coimbra
3065;8147;Instituto Politécnico de Coimbra - Escola Superior de Tecnologia e Gestão de Oliveira do Hospital
3065;9058;Instituto Politécnico de Coimbra - Escola Superior de Tecnologia e Gestão de Oliveira do Hospital
3065;9119;Instituto Politécnico de Coimbra - Escola Superior de Tecnologia e Gestão de Oliveira do Hospital
3065;9147;Instituto Politécnico de Coimbra - Escola Superior de Tecnologia e Gestão de Oliveira do Hospital
3065;9672;Instituto Politécnico de Coimbra - Escola Superior de Tecnologia e Gestão de Oliveira do Hospital
3065;L018;Instituto Politécnico de Coimbra - Escola Superior de Tecnologia e Gestão de Oliveira do Hospital
3065;L146;Instituto Politécnico de Coimbra - Escola Superior de Tecnologia e Gestão de Oliveira do Hospital
3081;8337;Universidade do Algarve - Escola Superior de Educação e Comunicação
3081;9023;Universidade do Algarve - Escola Superior de Educação e Comunicação
3081;9070;Universidade do Algarve - Escola Superior de Educação e Comunicação
3081;9084;Universidade do Algarve - Escola Superior de Educação e Comunicação
3081;9563;Universidade do Algarve - Escola Superior de Educação e Comunicação
3081;9853;Universidade do Algarve - Escola Superior de Educação e Comunicação
3082;9147;Universidade do Algarve - Escola Superior de Gestão, Hotelaria e Turismo
3082;9148;Universidade do Algarve - Escola Superior de Gestão, Hotelaria e Turismo
3082;9173;Universidade do Algarve - Escola Superior de Gestão, Hotelaria e Turismo
3082;9205;Universidade do Algarve - Escola Superior de Gestão, Hotelaria e Turismo
3082;9254;Universidade do Algarve - Escola Superior de Gestão, Hotelaria e Turismo
3083;9089;Universidade do Algarve - Instituto Superior de Engenharia
3083;9123;Universidade do Algarve - Instituto Superior de Engenharia
3083;9503;Universidade do Algarve - Instituto Superior de Engenharia
3083;L028;Universidade do Algarve - Instituto Superior de Engenharia
3087;9147;Universidade do Algarve - Escola Superior de Gestão, Hotelaria e Turismo (Portimão)
3087;9148;Universidade do Algarve - Escola Superior de Gestão, Hotelaria e Turismo (Portimão)
3087;9254;Universidade do Algarve - Escola Superior de Gestão, Hotelaria e Turismo (Portimão)
3091;8339;Instituto Politécnico da Guarda - Escola Superior de Educação, Comunicação e Desporto
3091;9005;Instituto Politécnico da Guarda - Escola Superior de Educação, Comunicação e Desporto
3091;9563;Instituto Politécnico da Guarda - Escola Superior de Educação, Comunicação e Desporto
3091;9652;Instituto Politécnico da Guarda - Escola Superior de Educação, Comunicação e Desporto
3091;9853;Instituto Politécnico da Guarda - Escola Superior de Educação, Comunicação e Desporto
3092;9056;Instituto Politécnico da Guarda - Escola Superior de Tecnologia e Gestão
3092;9072;Instituto Politécnico da Guarda - Escola Superior de Tecnologia e Gestão
3092;9089;Instituto Politécnico da Guarda - Escola Superior de Tecnologia e Gestão
3092;9119;Instituto Politécnico da Guarda - Escola Superior de Tecnologia e Gestão
3092;9128;Instituto Politécnico da Guarda - Escola Superior de Tecnologia e Gestão
3092;9147;Instituto Politécnico da Guarda - Escola Superior de Tecnologia e Gestão
3092;9157;Instituto Politécnico da Guarda - Escola Superior de Tecnologia e Gestão
3092;9205;Instituto Politécnico da Guarda - Escola Superior de Tecnologia e Gestão
3092;9855;Instituto Politécnico da Guarda - Escola Superior de Tecnologia e Gestão
3095;9173;Instituto Politécnico da Guarda - Escola Superior de Turismo e Hotelaria
3095;9255;Instituto Politécnico da Guarda - Escola Superior de Turismo e Hotelaria
3095;9484;Instituto Politécnico da Guarda - Escola Superior de Turismo e Hotelaria
3101;8014;Instituto Politécnico de Leiria - Escola Superior de Educação e Ciências Sociais
3101;8132;Instituto Politécnico de Leiria - Escola Superior de Educação e Ciências Sociais
3101;8476;Instituto Politécnico de Leiria - Escola Superior de Educação e Ciências Sociais
3101;9084;Instituto Politécnico de Leiria - Escola Superior de Educação e Ciências Sociais
3101;9238;Instituto Politécnico de Leiria - Escola Superior de Educação e Ciências Sociais
3101;9492;Instituto Politécnico de Leiria - Escola Superior de Educação e Ciências Sociais
3101;9797;Instituto Politécnico de Leiria - Escola Superior de Educação e Ciências Sociais
3101;9851;Instituto Politécnico de Leiria - Escola Superior de Educação e Ciências Sociais
3101;9853;Instituto Politécnico de Leiria - Escola Superior de Educação e Ciências Sociais
3101;L099;Instituto Politécnico de Leiria - Escola Superior de Educação e Ciências Sociais
3102;8015;Instituto Politécnico de Leiria - Escola Superior de Tecnologia e Gestão
3102;9002;Instituto Politécnico de Leiria - Escola Superior de Tecnologia e Gestão
3102;9089;Instituto Politécnico de Leiria - Escola Superior de Tecnologia e Gestão
3102;9104;Instituto Politécnico de Leiria - Escola Superior de Tecnologia e Gestão
3102;9112;Instituto Politécnico de Leiria - Escola Superior de Tecnologia e Gestão
3102;9119;Instituto Politécnico de Leiria - Escola Superior de Tecnologia e Gestão
3102;9123;Instituto Politécnico de Leiria - Escola Superior de Tecnologia e Gestão
3102;9147;Instituto Politécnico de Leiria - Escola Superior de Tecnologia e Gestão
3102;9205;Instituto Politécnico de Leiria - Escola Superior de Tecnologia e Gestão
3102;9242;Instituto Politécnico de Leiria - Escola Superior de Tecnologia e Gestão
3102;9627;Instituto Politécnico de Leiria - Escola Superior de Tecnologia e Gestão
3102;9648;Instituto Politécnico de Leiria - Escola Superior de Tecnologia e Gestão
3102;9690;Instituto Politécnico de Leiria - Escola Superior de Tecnologia e Gestão
3102;9741;Instituto Politécnico de Leiria - Escola Superior de Tecnologia e Gestão
3102;9885;Instituto Politécnico de Leiria - Escola Superior de Tecnologia e Gestão
3102;9886;Instituto Politécnico de Leiria - Escola Superior de Tecnologia e Gestão
3102;9991;Instituto Politécnico de Leiria - Escola Superior de Tecnologia e Gestão
3102;L055;Instituto Politécnico de Leiria - Escola Superior de Tecnologia e Gestão
3102;L104;Instituto Politécnico de Leiria - Escola Superior de Tecnologia e Gestão
3103;8126;Instituto Politécnico de Leiria - Escola Superior de Artes e Design
3103;8525;Instituto Politécnico de Leiria - Escola Superior de Artes e Design
3103;9007;Instituto Politécnico de Leiria - Escola Superior de Artes e Design
3103;9074;Instituto Politécnico de Leiria - Escola Superior de Artes e Design
3103;9243;Instituto Politécnico de Leiria - Escola Superior de Artes e Design
3103;9457;Instituto Politécnico de Leiria - Escola Superior de Artes e Design
3103;9723;Instituto Politécnico de Leiria - Escola Superior de Artes e Design
3103;9729;Instituto Politécnico de Leiria - Escola Superior de Artes e Design
3103;L127;Instituto Politécnico de Leiria - Escola Superior de Artes e Design
3105;8514;Instituto Politécnico de Leiria - Escola Superior de Turismo e Tecnologia do Mar
3105;9014;Instituto Politécnico de Leiria - Escola Superior de Turismo e Tecnologia do Mar
3105;9016;Instituto Politécnico de Leiria - Escola Superior de Turismo e Tecnologia do Mar
3105;9087;Instituto Politécnico de Leiria - Escola Superior de Turismo e Tecnologia do Mar
3105;9178;Instituto Politécnico de Leiria - Escola Superior de Turismo e Tecnologia do Mar
3105;9207;Instituto Politécnico de Leiria - Escola Superior de Turismo e Tecnologia do Mar
3105;9254;Instituto Politécnico de Leiria - Escola Superior de Turismo e Tecnologia do Mar
3105;9848;Instituto Politécnico de Leiria - Escola Superior de Turismo e Tecnologia do Mar
3105;L131;Instituto Politécnico de Leiria - Escola Superior de Turismo e Tecnologia do Mar
3112;8307;Instituto Politécnico de Lisboa - Escola Superior de Educação
3112;9005;Instituto Politécnico de Lisboa - Escola Superior de Educação
3112;9853;Instituto Politécnico de Lisboa - Escola Superior de Educação
3112;9876;Instituto Politécnico de Lisboa - Escola Superior de Educação
3112;L134;Instituto Politécnico de Lisboa - Escola Superior de Educação
3113;8438;Instituto Politécnico de Lisboa - Escola Superior de Comunicação Social
3113;8439;Instituto Politécnico de Lisboa - Escola Superior de Comunicação Social
3113;9010;Instituto Politécnico de Lisboa - Escola Superior de Comunicação Social
3113;9191;Instituto Politécnico de Lisboa - Escola Superior de Comunicação Social
3113;9222;Instituto Politécnico de Lisboa - Escola Superior de Comunicação Social
3113;9231;Instituto Politécnico de Lisboa - Escola Superior de Comunicação Social
3117;8015;Instituto Politécnico de Lisboa - Instituto Superior de Contabilidade e Administração de Lisboa
3117;9058;Instituto Politécnico de Lisboa - Instituto Superior de Contabilidade e Administração de Lisboa
3117;9147;Instituto Politécnico de Lisboa - Instituto Superior de Contabilidade e Administração de Lisboa
3117;9242;Instituto Politécnico de Lisboa - Instituto Superior de Contabilidade e Administração de Lisboa
3117;9476;Instituto Politécnico de Lisboa - Instituto Superior de Contabilidade e Administração de Lisboa
3117;9870;Instituto Politécnico de Lisboa - Instituto Superior de Contabilidade e Administração de Lisboa
3117;9889;Instituto Politécnico de Lisboa - Instituto Superior de Contabilidade e Administração de Lisboa
3117;9991;Instituto Politécnico de Lisboa - Instituto Superior de Contabilidade e Administração de Lisboa
3117;L035;Instituto Politécnico de Lisboa - Instituto Superior de Contabilidade e Administração de Lisboa
3118;9089;Instituto Politécnico de Lisboa - Instituto Superior de Engenharia de Lisboa
3118;9108;Instituto Politécnico de Lisboa - Instituto Superior de Engenharia de Lisboa
3118;9109;Instituto Politécnico de Lisboa - Instituto Superior de Engenharia de Lisboa
3118;9121;Instituto Politécnico de Lisboa - Instituto Superior de Engenharia de Lisboa
3118;9123;Instituto Politécnico de Lisboa - Instituto Superior de Engenharia de Lisboa
3118;9126;Instituto Politécnico de Lisboa - Instituto Superior de Engenharia de Lisboa
3118;9455;Instituto Politécnico de Lisboa - Instituto Superior de Engenharia de Lisboa
3118;L052;Instituto Politécnico de Lisboa - Instituto Superior de Engenharia de Lisboa
3118;L085;Instituto Politécnico de Lisboa - Instituto Superior de Engenharia de Lisboa
3118;L117;Instituto Politécnico de Lisboa - Instituto Superior de Engenharia de Lisboa
3118;L119;Instituto Politécnico de Lisboa - Instituto Superior de Engenharia de Lisboa
3121;8014;Instituto Politécnico de Portalegre - Escola Superior de Educação e Ciências Sociais
3121;9238;Instituto Politécnico de Portalegre - Escola Superior de Educação e Ciências Sociais
3121;9254;Instituto Politécnico de Portalegre - Escola Superior de Educação e Ciências Sociais
3121;9773;Instituto Politécnico de Portalegre - Escola Superior de Educação e Ciências Sociais
3121;9853;Instituto Politécnico de Portalegre - Escola Superior de Educação e Ciências Sociais
3122;9070;Instituto Politécnico de Portalegre - Escola Superior de Tecnologia e Gestão
3122;9119;Instituto Politécnico de Portalegre - Escola Superior de Tecnologia e Gestão
3122;9147;Instituto Politécnico de Portalegre - Escola Superior de Tecnologia e Gestão
3122;9670;Instituto Politécnico de Portalegre - Escola Superior de Tecnologia e Gestão
3122;9991;Instituto Politécnico de Portalegre - Escola Superior de Tecnologia e Gestão
3122;L033;Instituto Politécnico de Portalegre - Escola Superior de Tecnologia e Gestão
3122;L171;Instituto Politécnico de Portalegre - Escola Superior de Tecnologia e Gestão
3123;9003;Instituto Politécnico de Portalegre - Escola Superior Agrária de Elvas
3123;9085;Instituto Politécnico de Portalegre - Escola Superior Agrária de Elvas
3123;9130;Instituto Politécnico de Portalegre - Escola Superior Agrária de Elvas
3131;8002;Instituto Politécnico do Porto - Escola Superior de Educação
3131;8096;Instituto Politécnico do Porto - Escola Superior de Educação
3131;8264;Instituto Politécnico do Porto - Escola Superior de Educação
3131;9084;Instituto Politécnico do Porto - Escola Superior de Educação
3131;9707;Instituto Politécnico do Porto - Escola Superior de Educação
3131;9767;Instituto Politécnico do Porto - Escola Superior de Educação
3131;9807;Instituto Politécnico do Porto - Escola Superior de Educação
3131;9853;Instituto Politécnico do Porto - Escola Superior de Educação
3131;9878;Instituto Politécnico do Porto - Escola Superior de Educação
3131;9879;Instituto Politécnico do Porto - Escola Superior de Educação
3134;8005;Instituto Politécnico do Porto - Instituto Superior de Contabilidade e Administração do Porto
3134;9009;Instituto Politécnico do Porto - Instituto Superior de Contabilidade e Administração do Porto
3134;9043;Instituto Politécnico do Porto - Instituto Superior de Contabilidade e Administração do Porto
3134;9053;Instituto Politécnico do Porto - Instituto Superior de Contabilidade e Administração do Porto
3134;9058;Instituto Politécnico do Porto - Instituto Superior de Contabilidade e Administração do Porto
3134;9205;Instituto Politécnico do Porto - Instituto Superior de Contabilidade e Administração do Porto
3134;9227;Instituto Politécnico do Porto - Instituto Superior de Contabilidade e Administração do Porto
3134;9716;Instituto Politécnico do Porto - Instituto Superior de Contabilidade e Administração do Porto
3134;9829;Instituto Politécnico do Porto - Instituto Superior de Contabilidade e Administração do Porto
3134;9866;Instituto Politécnico do Porto - Instituto Superior de Contabilidade e Administração do Porto
3134;9867;Instituto Politécnico do Porto - Instituto Superior de Contabilidade e Administração do Porto
3134;9870;Instituto Politécnico do Porto - Instituto Superior de Contabilidade e Administração do Porto
3134;L070;Instituto Politécnico do Porto - Instituto Superior de Contabilidade e Administração do Porto
3135;8316;Instituto Politécnico do Porto - Instituto Superior de Engenharia do Porto
3135;9089;Instituto Politécnico do Porto - Instituto Superior de Engenharia do Porto
3135;9104;Instituto Politécnico do Porto - Instituto Superior de Engenharia do Porto
3135;9110;Instituto Politécnico do Porto - Instituto Superior de Engenharia do Porto
3135;9112;Instituto Politécnico do Porto - Instituto Superior de Engenharia do Porto
3135;9117;Instituto Politécnico do Porto - Instituto Superior de Engenharia do Porto
3135;9119;Instituto Politécnico do Porto - Instituto Superior de Engenharia do Porto
3135;9123;Instituto Politécnico do Porto - Instituto Superior de Engenharia do Porto
3135;9125;Instituto Politécnico do Porto - Instituto Superior de Engenharia do Porto
3135;9455;Instituto Politécnico do Porto - Instituto Superior de Engenharia do Porto
3135;9936;Instituto Politécnico do Porto - Instituto Superior de Engenharia do Porto
3135;L089;Instituto Politécnico do Porto - Instituto Superior de Engenharia do Porto
3138;8015;Instituto Politécnico do Porto - Escola Superior de Tecnologia e Gestão
3138;8097;Instituto Politécnico do Porto - Escola Superior de Tecnologia e Gestão
3138;8288;Instituto Politécnico do Porto - Escola Superior de Tecnologia e Gestão
3138;8398;Instituto Politécnico do Porto - Escola Superior de Tecnologia e Gestão
3138;9045;Instituto Politécnico do Porto - Escola Superior de Tecnologia e Gestão
3138;9119;Instituto Politécnico do Porto - Escola Superior de Tecnologia e Gestão
3138;9242;Instituto Politécnico do Porto - Escola Superior de Tecnologia e Gestão
3138;L030;Instituto Politécnico do Porto - Escola Superior de Tecnologia e Gestão
3138;L091;Instituto Politécnico do Porto - Escola Superior de Tecnologia e Gestão
3139;8442;Instituto Politécnico do Porto - Escola Superior de Hotelaria e Turismo
3139;9164;Instituto Politécnico do Porto - Escola Superior de Hotelaria e Turismo
3139;9921;Instituto Politécnico do Porto - Escola Superior de Hotelaria e Turismo
3139;L131;Instituto Politécnico do Porto - Escola Superior de Hotelaria e Turismo
3141;8419;Instituto Politécnico de Santarém - Escola Superior Agrária de Santarém
3141;9003;Instituto Politécnico de Santarém - Escola Superior Agrária de Santarém
3141;L011;Instituto Politécnico de Santarém - Escola Superior Agrária de Santarém
3141;L169;Instituto Politécnico de Santarém - Escola Superior Agrária de Santarém
3141;L172;Instituto Politécnico de Santarém - Escola Superior Agrária de Santarém
3142;9084;Instituto Politécnico de Santarém - Escola Superior de Educação de Santarém
3142;9853;Instituto Politécnico de Santarém - Escola Superior de Educação de Santarém
3142;L130;Instituto Politécnico de Santarém - Escola Superior de Educação de Santarém
3142;L179;Instituto Politécnico de Santarém - Escola Superior de Educação de Santarém
3143;9152;Instituto Politécnico de Santarém - Escola Superior de Gestão e Tecnologia de Santarém
3143;9185;Instituto Politécnico de Santarém - Escola Superior de Gestão e Tecnologia de Santarém
3143;9206;Instituto Politécnico de Santarém - Escola Superior de Gestão e Tecnologia de Santarém
3143;9498;Instituto Politécnico de Santarém - Escola Superior de Gestão e Tecnologia de Santarém
3143;9785;Instituto Politécnico de Santarém - Escola Superior de Gestão e Tecnologia de Santarém
3143;9994;Instituto Politécnico de Santarém - Escola Superior de Gestão e Tecnologia de Santarém
3145;9730;Instituto Politécnico de Santarém - Escola Superior de Desporto de Rio Maior
3145;9763;Instituto Politécnico de Santarém - Escola Superior de Desporto de Rio Maior
3145;9808;Instituto Politécnico de Santarém - Escola Superior de Desporto de Rio Maior
3145;A007;Instituto Politécnico de Santarém - Escola Superior de Desporto de Rio Maior
3145;L008;Instituto Politécnico de Santarém - Escola Superior de Desporto de Rio Maior
3145;L034;Instituto Politécnico de Santarém - Escola Superior de Desporto de Rio Maior
3151;9054;Instituto Politécnico de Setúbal - Escola Superior de Educação
3151;9563;Instituto Politécnico de Setúbal - Escola Superior de Educação
3151;9631;Instituto Politécnico de Setúbal - Escola Superior de Educação
3151;9633;Instituto Politécnico de Setúbal - Escola Superior de Educação
3151;9853;Instituto Politécnico de Setúbal - Escola Superior de Educação
3152;8515;Instituto Politécnico de Setúbal - Escola Superior de Tecnologia de Setúbal
3152;9092;Instituto Politécnico de Setúbal - Escola Superior de Tecnologia de Setúbal
3152;9112;Instituto Politécnico de Setúbal - Escola Superior de Tecnologia de Setúbal
3152;9119;Instituto Politécnico de Setúbal - Escola Superior de Tecnologia de Setúbal
3152;9123;Instituto Politécnico de Setúbal - Escola Superior de Tecnologia de Setúbal
3152;9862;Instituto Politécnico de Setúbal - Escola Superior de Tecnologia de Setúbal
3152;L069;Instituto Politécnico de Setúbal - Escola Superior de Tecnologia de Setúbal
3152;L124;Instituto Politécnico de Setúbal - Escola Superior de Tecnologia de Setúbal
3153;8111;Instituto Politécnico de Setúbal - Escola Superior de Ciências Empresariais
3153;9157;Instituto Politécnico de Setúbal - Escola Superior de Ciências Empresariais
3153;9205;Instituto Politécnico de Setúbal - Escola Superior de Ciências Empresariais
3153;9627;Instituto Politécnico de Setúbal - Escola Superior de Ciências Empresariais
3153;9628;Instituto Politécnico de Setúbal - Escola Superior de Ciências Empresariais
3153;9629;Instituto Politécnico de Setúbal - Escola Superior de Ciências Empresariais
3153;9630;Instituto Politécnico de Setúbal - Escola Superior de Ciências Empresariais
3153;9993;Instituto Politécnico de Setúbal - Escola Superior de Ciências Empresariais
3154;9016;Instituto Politécnico de Setúbal - Escola Superior de Tecnologia do Barreiro
3154;9089;Instituto Politécnico de Setúbal - Escola Superior de Tecnologia do Barreiro
3154;9090;Instituto Politécnico de Setúbal - Escola Superior de Tecnologia do Barreiro
3154;9687;Instituto Politécnico de Setúbal - Escola Superior de Tecnologia do Barreiro
3154;L100;Instituto Politécnico de Setúbal - Escola Superior de Tecnologia do Barreiro
3155;9500;Instituto Politécnico de Setúbal - Escola Superior de Saúde
3155;9504;Instituto Politécnico de Setúbal - Escola Superior de Saúde
3155;9890;Instituto Politécnico de Setúbal - Escola Superior de Saúde
3155;L160;Instituto Politécnico de Setúbal - Escola Superior de Saúde
3161;9003;Instituto Politécnico de Viana do Castelo - Escola Superior Agrária
3161;9016;Instituto Politécnico de Viana do Castelo - Escola Superior Agrária
3161;9085;Instituto Politécnico de Viana do Castelo - Escola Superior Agrária
3161;L164;Instituto Politécnico de Viana do Castelo - Escola Superior Agrária
3162;9473;Instituto Politécnico de Viana do Castelo - Escola Superior de Educação
3162;9853;Instituto Politécnico de Viana do Castelo - Escola Superior de Educação
3162;L122;Instituto Politécnico de Viana do Castelo - Escola Superior de Educação
3163;8114;Instituto Politécnico de Viana do Castelo - Escola Superior de Tecnologia e Gestão
3163;8407;Instituto Politécnico de Viana do Castelo - Escola Superior de Tecnologia e Gestão
3163;9087;Instituto Politécnico de Viana do Castelo - Escola Superior de Tecnologia e Gestão
3163;9119;Instituto Politécnico de Viana do Castelo - Escola Superior de Tecnologia e Gestão
3163;9123;Instituto Politécnico de Viana do Castelo - Escola Superior de Tecnologia e Gestão
3163;9147;Instituto Politécnico de Viana do Castelo - Escola Superior de Tecnologia e Gestão
3163;9148;Instituto Politécnico de Viana do Castelo - Escola Superior de Tecnologia e Gestão
3163;9254;Instituto Politécnico de Viana do Castelo - Escola Superior de Tecnologia e Gestão
3163;9723;Instituto Politécnico de Viana do Castelo - Escola Superior de Tecnologia e Gestão
3163;9727;Instituto Politécnico de Viana do Castelo - Escola Superior de Tecnologia e Gestão
3163;9743;Instituto Politécnico de Viana do Castelo - Escola Superior de Tecnologia e Gestão
3163;9751;Instituto Politécnico de Viana do Castelo - Escola Superior de Tecnologia e Gestão
3163;9857;Instituto Politécnico de Viana do Castelo - Escola Superior de Tecnologia e Gestão
3163;L153;Instituto Politécnico de Viana do Castelo - Escola Superior de Tecnologia e Gestão
3164;8464;Instituto Politécnico de Viana do Castelo - Escola Superior de Ciências Empresariais
3164;8516;Instituto Politécnico de Viana do Castelo - Escola Superior de Ciências Empresariais
3164;9498;Instituto Politécnico de Viana do Castelo - Escola Superior de Ciências Empresariais
3164;9664;Instituto Politécnico de Viana do Castelo - Escola Superior de Ciências Empresariais
3165;9731;Instituto Politécnico de Viana do Castelo - Escola Superior de Desporto e Lazer
3181;9054;Instituto Politécnico de Viseu - Escola Superior de Educação de Viseu
3181;9084;Instituto Politécnico de Viseu - Escola Superior de Educação de Viseu
3181;9347;Instituto Politécnico de Viseu - Escola Superior de Educação de Viseu
3181;9850;Instituto Politécnico de Viseu - Escola Superior de Educação de Viseu
3181;9853;Instituto Politécnico de Viseu - Escola Superior de Educação de Viseu
3181;9930;Instituto Politécnico de Viseu - Escola Superior de Educação de Viseu
3181;L154;Instituto Politécnico de Viseu - Escola Superior de Educação de Viseu
3182;8296;Instituto Politécnico de Viseu - Escola Superior de Tecnologia e Gestão de Viseu
3182;8517;Instituto Politécnico de Viseu - Escola Superior de Tecnologia e Gestão de Viseu
3182;9056;Instituto Politécnico de Viseu - Escola Superior de Tecnologia e Gestão de Viseu
3182;9089;Instituto Politécnico de Viseu - Escola Superior de Tecnologia e Gestão de Viseu
3182;9099;Instituto Politécnico de Viseu - Escola Superior de Tecnologia e Gestão de Viseu
3182;9109;Instituto Politécnico de Viseu - Escola Superior de Tecnologia e Gestão de Viseu
3182;9119;Instituto Politécnico de Viseu - Escola Superior de Tecnologia e Gestão de Viseu
3182;9123;Instituto Politécnico de Viseu - Escola Superior de Tecnologia e Gestão de Viseu
3182;9152;Instituto Politécnico de Viseu - Escola Superior de Tecnologia e Gestão de Viseu
3182;9205;Instituto Politécnico de Viseu - Escola Superior de Tecnologia e Gestão de Viseu
3182;9254;Instituto Politécnico de Viseu - Escola Superior de Tecnologia e Gestão de Viseu
3182;9491;Instituto Politécnico de Viseu - Escola Superior de Tecnologia e Gestão de Viseu
3182;9994;Instituto Politécnico de Viseu - Escola Superior de Tecnologia e Gestão de Viseu
3185;9085;Instituto Politécnico de Viseu - Escola Superior Agrária de Viseu
3185;9086;Instituto Politécnico de Viseu - Escola Superior Agrária de Viseu
3185;9818;Instituto Politécnico de Viseu - Escola Superior Agrária de Viseu
3185;L025;Instituto Politécnico de Viseu - Escola Superior Agrária de Viseu
3186;8014;Instituto Politécnico de Viseu - Escola Superior de Tecnologia e Gestão de Lamego
3186;9061;Instituto Politécnico de Viseu - Escola Superior de Tecnologia e Gestão de Lamego
3186;9122;Instituto Politécnico de Viseu - Escola Superior de Tecnologia e Gestão de Lamego
3186;9168;Instituto Politécnico de Viseu - Escola Superior de Tecnologia e Gestão de Lamego
3186;9179;Instituto Politécnico de Viseu - Escola Superior de Tecnologia e Gestão de Lamego
3186;9238;Instituto Politécnico de Viseu - Escola Superior de Tecnologia e Gestão de Lamego
3186;L116;Instituto Politécnico de Viseu - Escola Superior de Tecnologia e Gestão de Lamego
3241;9056;Instituto Politécnico de Tomar - Escola Superior de Gestão de Tomar
3241;9152;Instituto Politécnico de Tomar - Escola Superior de Gestão de Tomar
3241;9640;Instituto Politécnico de Tomar - Escola Superior de Gestão de Tomar
3241;9641;Instituto Politécnico de Tomar - Escola Superior de Gestão de Tomar
3242;9112;Instituto Politécnico de Tomar - Escola Superior de Tecnologia de Tomar
3242;9119;Instituto Politécnico de Tomar - Escola Superior de Tecnologia de Tomar
3242;9380;Instituto Politécnico de Tomar - Escola Superior de Tecnologia de Tomar
3242;9644;Instituto Politécnico de Tomar - Escola Superior de Tecnologia de Tomar
3242;9645;Instituto Politécnico de Tomar - Escola Superior de Tecnologia de Tomar
3242;L106;Instituto Politécnico de Tomar - Escola Superior de Tecnologia de Tomar
3242;L142;Instituto Politécnico de Tomar - Escola Superior de Tecnologia de Tomar
3243;9054;Instituto Politécnico de Tomar - Escola Superior de Tecnologia de Abrantes
3243;9123;Instituto Politécnico de Tomar - Escola Superior de Tecnologia de Abrantes
3243;L143;Instituto Politécnico de Tomar - Escola Superior de Tecnologia de Abrantes
3243;L177;Instituto Politécnico de Tomar - Escola Superior de Tecnologia de Abrantes
3331;9069;Instituto Politécnico do Porto - Escola Superior de Media Artes e Design
3331;9213;Instituto Politécnico do Porto - Escola Superior de Media Artes e Design
3331;9244;Instituto Politécnico do Porto - Escola Superior de Media Artes e Design
3331;9645;Instituto Politécnico do Porto - Escola Superior de Media Artes e Design
3331;L071;Instituto Politécnico do Porto - Escola Superior de Media Artes e Design
5402;9007;Universidade do Porto - Faculdade de Belas-Artes
5402;9070;Universidade do Porto - Faculdade de Belas-Artes
6800;8014;ISCTE - Instituto Universitário de Lisboa
6800;8029;ISCTE - Instituto Universitário de Lisboa
6800;8109;ISCTE - Instituto Universitário de Lisboa
6800;8366;ISCTE - Instituto Universitário de Lisboa
6800;9019;ISCTE - Instituto Universitário de Lisboa
6800;9081;ISCTE - Instituto Universitário de Lisboa
6800;9098;ISCTE - Instituto Universitário de Lisboa
6800;9119;ISCTE - Instituto Universitário de Lisboa
6800;9147;ISCTE - Instituto Universitário de Lisboa
6800;9156;ISCTE - Instituto Universitário de Lisboa
6800;9157;ISCTE - Instituto Universitário de Lisboa
6800;9189;ISCTE - Instituto Universitário de Lisboa
6800;9219;ISCTE - Instituto Universitário de Lisboa
6800;9240;ISCTE - Instituto Universitário de Lisboa
6800;9257;ISCTE - Instituto Universitário de Lisboa
6800;9448;ISCTE - Instituto Universitário de Lisboa
6800;9885;ISCTE - Instituto Universitário de Lisboa
6800;9927;ISCTE - Instituto Universitário de Lisboa
6800;L030;ISCTE - Instituto Universitário de Lisboa
7001;9500;Escola Superior de Enfermagem de Coimbra
7002;9500;Escola Superior de Enfermagem de Lisboa
7003;9500;Escola Superior de Enfermagem do Porto
7005;8138;Instituto Politécnico de Beja - Escola Superior de Saúde
7005;9500;Instituto Politécnico de Beja - Escola Superior de Saúde
7010;9500;Universidade do Minho - Escola Superior de Enfermagem
7015;8149;Instituto Politécnico de Bragança - Escola Superior de Saúde de Bragança
7015;9500;Instituto Politécnico de Bragança - Escola Superior de Saúde de Bragança
7015;9501;Instituto Politécnico de Bragança - Escola Superior de Saúde de Bragança
7015;9549;Instituto Politécnico de Bragança - Escola Superior de Saúde de Bragança
7015;9833;Instituto Politécnico de Bragança - Escola Superior de Saúde de Bragança
7015;L068;Instituto Politécnico de Bragança - Escola Superior de Saúde de Bragança
7020;9500;Instituto Politécnico de Castelo Branco - Escola Superior de Saúde Dr. Lopes Dias
7020;9504;Instituto Politécnico de Castelo Branco - Escola Superior de Saúde Dr. Lopes Dias
7020;L066;Instituto Politécnico de Castelo Branco - Escola Superior de Saúde Dr. Lopes Dias
7020;L067;Instituto Politécnico de Castelo Branco - Escola Superior de Saúde Dr. Lopes Dias
7020;L068;Instituto Politécnico de Castelo Branco - Escola Superior de Saúde Dr. Lopes Dias
7030;9500;Universidade de Évora - Escola Superior de Enfermagem de São João de Deus
7035;8149;Universidade do Algarve - Escola Superior de Saúde
7035;8152;Universidade do Algarve - Escola Superior de Saúde
7035;9500;Universidade do Algarve - Escola Superior de Saúde
7035;9549;Universidade do Algarve - Escola Superior de Saúde
7035;L066;Universidade do Algarve - Escola Superior de Saúde
7035;L068;Universidade do Algarve - Escola Superior de Saúde
7040;9500;Instituto Politécnico da Guarda - Escola Superior de Saúde da Guarda
7040;9549;Instituto Politécnico da Guarda - Escola Superior de Saúde da Guarda
7045;8138;Instituto Politécnico de Leiria - Escola Superior de Saúde
7045;8149;Instituto Politécnico de Leiria - Escola Superior de Saúde
7045;9500;Instituto Politécnico de Leiria - Escola Superior de Saúde
7045;9504;Instituto Politécnico de Leiria - Escola Superior de Saúde
7045;9890;Instituto Politécnico de Leiria - Escola Superior de Saúde
7055;9500;Instituto Politécnico de Portalegre - Escola Superior de Saúde
7055;9556;Instituto Politécnico de Portalegre - Escola Superior de Saúde
7065;9500;Instituto Politécnico de Santarém - Escola Superior de Saúde de Santarém
7075;9500;Instituto Politécnico de Viana do Castelo - Escola Superior de Saúde
7080;9500;Universidade de Trás-os-Montes e Alto Douro - Escola Superior de Saúde
7085;9500;Instituto Politécnico de Viseu - Escola Superior de Saúde de Viseu
7092;9500;Universidade dos Açores - Escola Superior de Saúde - Angra do Heroísmo
7093;9500;Universidade dos Açores - Escola Superior de Saúde - Ponta Delgada
7105;9745;Escola Superior Náutica Infante D. Henrique
7105;9789;Escola Superior Náutica Infante D. Henrique
7105;9924;Escola Superior Náutica Infante D. Henrique
7105;9926;Escola Superior Náutica Infante D. Henrique
7105;L118;Escola Superior Náutica Infante D. Henrique
7110;8011;Escola Superior de Hotelaria e Turismo do Estoril
7110;9076;Escola Superior de Hotelaria e Turismo do Estoril
7110;9163;Escola Superior de Hotelaria e Turismo do Estoril
7110;9177;Escola Superior de Hotelaria e Turismo do Estoril
7110;9183;Escola Superior de Hotelaria e Turismo do Estoril
7110;9217;Escola Superior de Hotelaria e Turismo do Estoril
7110;9875;Escola Superior de Hotelaria e Turismo do Estoril
7110;9995;Escola Superior de Hotelaria e Turismo do Estoril
7110;9996;Escola Superior de Hotelaria e Turismo do Estoril
7210;8141;Instituto Politécnico de Coimbra - Escola Superior de Tecnologia da Saúde de Coimbra
7210;8149;Instituto Politécnico de Coimbra - Escola Superior de Tecnologia da Saúde de Coimbra
7210;9504;Instituto Politécnico de Coimbra - Escola Superior de Tecnologia da Saúde de Coimbra
7210;9549;Instituto Politécnico de Coimbra - Escola Superior de Tecnologia da Saúde de Coimbra
7210;9861;Instituto Politécnico de Coimbra - Escola Superior de Tecnologia da Saúde de Coimbra
7210;L066;Instituto Politécnico de Coimbra - Escola Superior de Tecnologia da Saúde de Coimbra
7210;L067;Instituto Politécnico de Coimbra - Escola Superior de Tecnologia da Saúde de Coimbra
7210;L068;Instituto Politécnico de Coimbra - Escola Superior de Tecnologia da Saúde de Coimbra
7220;8149;Instituto Politécnico de Lisboa - Escola Superior de Tecnologia da Saúde de Lisboa
7220;8152;Instituto Politécnico de Lisboa - Escola Superior de Tecnologia da Saúde de Lisboa
7220;9504;Instituto Politécnico de Lisboa - Escola Superior de Tecnologia da Saúde de Lisboa
7220;9549;Instituto Politécnico de Lisboa - Escola Superior de Tecnologia da Saúde de Lisboa
7220;9861;Instituto Politécnico de Lisboa - Escola Superior de Tecnologia da Saúde de Lisboa
7220;L066;Instituto Politécnico de Lisboa - Escola Superior de Tecnologia da Saúde de Lisboa
7220;L067;Instituto Politécnico de Lisboa - Escola Superior de Tecnologia da Saúde de Lisboa
7220;L068;Instituto Politécnico de Lisboa - Escola Superior de Tecnologia da Saúde de Lisboa
7220;L161;Instituto Politécnico de Lisboa - Escola Superior de Tecnologia da Saúde de Lisboa
7230;8138;Instituto Politécnico do Porto - Escola Superior de Saúde
7230;8141;Instituto Politécnico do Porto - Escola Superior de Saúde
7230;8143;Instituto Politécnico do Porto - Escola Superior de Saúde
7230;9504;Instituto Politécnico do Porto - Escola Superior de Saúde
7230;9549;Instituto Politécnico do Porto - Escola Superior de Saúde
7230;9861;Instituto Politécnico do Porto - Escola Superior de Saúde
7230;9890;Instituto Politécnico do Porto - Escola Superior de Saúde
7230;L066;Instituto Politécnico do Porto - Escola Superior de Saúde
7230;L067;Instituto Politécnico do Porto - Escola Superior de Saúde
7230;L068;Instituto Politécnico do Porto - Escola Superior de Saúde
7230;L101;Instituto Politécnico do Porto - Escola Superior de Saúde
7230;L136;Instituto Politécnico do Porto - Escola Superior de Saúde
;;
;;